1,"socketTest","Socket",0,"2024-09-09 01:08:21.236534",2
2,"socketTest","Socket",0,"2024-10-01 00:01:00.000000",2
3,"socketTest","Socket",0,"2024-09-09 01:08:28.261594",2
4,"socketTest","Socket",0,"2024-02-01 02:01:00.000000",2
5,"socketTest","Socket",0,"2024-08-03 02:01:00.000000",2
6,"socketTest","Socket",0,"2024-09-09 01:08:29.517253",2
7,"socketTest","DOS",1,"2024-08-01 02:01:00.000000",3
8,"socketTest","DOS",1,"2024-09-09 14:43:22.512747",3
9,"socketTest","DOS",1,"2024-09-09 14:43:22.720218",3
10,"socketTest","DOS",1,"2024-09-09 14:43:22.794330",3
11,"socketTest","DOS",1,"2024-09-09 14:43:22.929549",3
12,"socketTest","DOS",1,"2024-09-09 14:43:23.195061",3
13,"socketTest","DOS",1,"2024-09-09 14:43:23.635856",3
14,"test2","SQLInjection",1,"2024-09-09 15:02:58.174747",3
15,"socketTest","DOS",1,"2024-09-10 15:52:01.927116",3
